Location,Building Class,Area (SQM),25th Percentile ($ PSM),Median ($ PSM),75th Percentile ($ PSM),Reference Period
Central Area,Category 1,100 & Below,100.00,101.69,103.53,2016Q1
Central Area,Category 1,>100 - 200,94.05,102.28,109.77,2016Q1
Central Area,Category 1,>200 - 500,96.28,99.11,113.01,2016Q1
Central Area,Category 1,>500 - 1000,87.99,99.56,104.95,2016Q1
Central Area,Category 1,>1000,82.35,98.19,101.45,2016Q1
Central Area,Category 2,100 & Below,47.69,58.98,70.49,2016Q1
Central Area,Category 2,>100 - 200,43.08,61.54,84.48,2016Q1
Central Area,Category 2,>200 - 500,55.37,69.96,80.54,2016Q1
Central Area,Category 2,>500 - 1000,65.54,67.55,83.34,2016Q1
Central Area,Category 2,>1000,58.22,64.91,82.34,2016Q1
Central Area,Category 1,100 & Below,99.06,106.57,109.26,2016Q2
Central Area,Category 1,>100 - 200,98.22,105.48,119.12,2016Q2
Central Area,Category 1,>200 - 500,96.88,107.75,118.42,2016Q2
Central Area,Category 1,>500 - 1000,90.54,94.72,102.26,2016Q2
Central Area,Category 1,>1000,93.30,99.56,115.71,2016Q2
Central Area,Category 2,100 & Below,47.64,58.57,71.32,2016Q2
Central Area,Category 2,>100 - 200,48.44,62.41,79.12,2016Q2
Central Area,Category 2,>200 - 500,51.87,61.35,69.91,2016Q2
Central Area,Category 2,>500 - 1000,52.47,62.43,80.94,2016Q2
Central Area,Category 2,>1000,54.36,70.66,75.22,2016Q2
Central Area,Category 1,100 & Below,86.01,94.16,101.05,2016Q3
Central Area,Category 1,>100 - 200,90.59,102.24,116.25,2016Q3
Central Area,Category 1,>200 - 500,96.88,108.65,125.93,2016Q3
Central Area,Category 1,>500 - 1000,91.50,99.03,110.87,2016Q3
Central Area,Category 1,>1000,79.12,92.57,104.14,2016Q3
Central Area,Category 2,100 & Below,45.72,59.20,71.46,2016Q3
Central Area,Category 2,>100 - 200,53.70,63.10,81.78,2016Q3
Central Area,Category 2,>200 - 500,51.62,61.89,75.34,2016Q3
Central Area,Category 2,>500 - 1000,61.28,70.05,82.26,2016Q3
Central Area,Category 2,>1000,79.80,91.50,98.76,2016Q3
Central Area,Category 1,100 & Below,86.36,89.93,103.10,2016Q4
Central Area,Category 1,>100 - 200,80.71,83.80,96.33,2016Q4
Central Area,Category 1,>200 - 500,87.42,104.96,118.42,2016Q4
Central Area,Category 1,>500 - 1000,92.29,99.57,103.87,2016Q4
Central Area,Category 1,>1000,88.53,90.17,99.57,2016Q4
Central Area,Category 2,100 & Below,48.44,59.16,69.75,2016Q4
Central Area,Category 2,>100 - 200,46.49,57.82,73.75,2016Q4
Central Area,Category 2,>200 - 500,53.89,61.35,75.43,2016Q4
Central Area,Category 2,>500 - 1000,53.26,61.54,70.07,2016Q4
Central Area,Category 2,>1000,38.40,58.49,76.17,2016Q4
Central Area,Category 1,100 & Below,96.29,96.86,115.08,2017Q1
Central Area,Category 1,>100 - 200,79.64,95.80,99.55,2017Q1
Central Area,Category 1,>200 - 500,85.03,96.88,107.64,2017Q1
Central Area,Category 1,>500 - 1000,82.88,96.88,107.64,2017Q1
Central Area,Category 1,>1000,83.47,91.49,101.18,2017Q1
Central Area,Category 2,100 & Below,47.33,58.95,68.60,2017Q1
Central Area,Category 2,>100 - 200,48.77,64.59,80.60,2017Q1
Central Area,Category 2,>200 - 500,51.06,63.45,76.07,2017Q1
Central Area,Category 2,>500 - 1000,50.66,66.00,73.59,2017Q1
Central Area,Category 2,>1000,54.91,69.07,86.11,2017Q1
Central Area,Category 1,100 & Below,90.62,99.02,105.41,2017Q2
Central Area,Category 1,>100 - 200,86.39,96.87,107.63,2017Q2
Central Area,Category 1,>200 - 500,86.11,96.16,105.62,2017Q2
Central Area,Category 1,>500 - 1000,86.11,96.33,103.26,2017Q2
Central Area,Category 1,>1000,86.22,92.36,97.68,2017Q2
Central Area,Category 2,100 & Below,44.87,56.90,68.97,2017Q2
Central Area,Category 2,>100 - 200,53.89,64.58,78.05,2017Q2
Central Area,Category 2,>200 - 500,54.62,67.81,77.50,2017Q2
Central Area,Category 2,>500 - 1000,51.67,64.58,78.15,2017Q2
Central Area,Category 2,>1000,52.74,68.35,70.52,2017Q2
Central Area,Category 1,100 & Below,91.49,96.87,103.69,2017Q3
Central Area,Category 1,>100 - 200,87.57,96.84,102.25,2017Q3
Central Area,Category 1,>200 - 500,86.10,93.44,110.50,2017Q3
Central Area,Category 1,>500 - 1000,88.82,95.80,103.85,2017Q3
Central Area,Category 1,>1000,86.11,93.65,102.26,2017Q3
Central Area,Category 2,100 & Below,50.16,59.24,70.66,2017Q3
Central Area,Category 2,>100 - 200,51.63,64.57,80.71,2017Q3
Central Area,Category 2,>200 - 500,51.43,63.76,75.77,2017Q3
Central Area,Category 2,>500 - 1000,48.39,63.44,78.04,2017Q3
Central Area,Category 2,>1000,64.58,67.66,86.11,2017Q3
Central Area,Category 1,100 & Below,96.85,102.26,110.94,2017Q4
Central Area,Category 1,>100 - 200,87.22,99.02,105.50,2017Q4
Central Area,Category 1,>200 - 500,88.29,96.87,113.02,2017Q4
Central Area,Category 1,>500 - 1000,87.07,96.88,103.49,2017Q4
Central Area,Category 1,>1000,82.81,97.65,103.87,2017Q4
Central Area,Category 2,100 & Below,48.36,56.94,67.60,2017Q4
Central Area,Category 2,>100 - 200,46.27,63.64,77.70,2017Q4
Central Area,Category 2,>200 - 500,58.19,67.50,79.40,2017Q4
Central Area,Category 2,>500 - 1000,53.91,67.29,77.50,2017Q4
Central Area,Category 2,>1000,59.19,66.48,71.04,2017Q4
Central Area,Category 1,100 & Below,95.45,100.45,104.42,2018Q1
Central Area,Category 1,>100 - 200,88.73,96.88,105.48,2018Q1
Central Area,Category 1,>200 - 500,86.10,102.25,116.27,2018Q1
Central Area,Category 1,>500 - 1000,86.11,91.49,105.49,2018Q1
Central Area,Category 1,>1000,90.69,96.87,101.97,2018Q1
Central Area,Category 2,100 & Below,50.00,58.06,67.80,2018Q1
Central Area,Category 2,>100 - 200,53.80,66.70,80.44,2018Q1
Central Area,Category 2,>200 - 500,54.90,68.93,79.57,2018Q1
Central Area,Category 2,>500 - 1000,57.87,71.58,83.04,2018Q1
Central Area,Category 2,>1000,67.09,81.23,88.91,2018Q1
Central Area,Category 1,100 & Below,92.84,99.76,108.49,2018Q2
Central Area,Category 1,>100 - 200,95.94,105.30,122.55,2018Q2
Central Area,Category 1,>200 - 500,87.19,102.24,116.26,2018Q2
Central Area,Category 1,>500 - 1000,101.35,110.87,116.92,2018Q2
Central Area,Category 1,>1000,92.62,99.04,116.25,2018Q2
Central Area,Category 2,100 & Below,48.53,58.67,70.06,2018Q2
Central Area,Category 2,>100 - 200,49.79,65.98,83.96,2018Q2
Central Area,Category 2,>200 - 500,56.51,70.51,80.72,2018Q2
Central Area,Category 2,>500 - 1000,52.01,67.75,80.91,2018Q2
Central Area,Category 2,>1000,64.58,77.05,89.18,2018Q2
Central Area,Category 1,100 & Below,89.38,102.26,113.02,2018Q3
Central Area,Category 1,>100 - 200,87.49,99.02,113.62,2018Q3
Central Area,Category 1,>200 - 500,90.17,107.45,127.29,2018Q3
Central Area,Category 1,>500 - 1000,86.11,98.78,120.82,2018Q3
Central Area,Category 1,>1000,90.15,108.78,118.41,2018Q3
Central Area,Category 2,100 & Below,46.19,59.34,70.16,2018Q3
Central Area,Category 2,>100 - 200,55.61,69.67,79.72,2018Q3
Central Area,Category 2,>200 - 500,57.11,68.88,80.73,2018Q3
Central Area,Category 2,>500 - 1000,49.62,68.35,78.88,2018Q3
Central Area,Category 2,>1000,64.05,74.98,89.39,2018Q3
Central Area,Category 1,100 & Below,95.52,104.98,115.78,2018Q4
Central Area,Category 1,>100 - 200,91.36,99.04,105.21,2018Q4
Central Area,Category 1,>200 - 500,89.88,102.79,124.07,2018Q4
Central Area,Category 1,>500 - 1000,96.87,105.28,118.40,2018Q4
Central Area,Category 1,>1000,95.14,103.62,118.81,2018Q4
Central Area,Category 2,100 & Below,46.48,58.16,68.85,2018Q4
Central Area,Category 2,>100 - 200,51.69,67.80,80.73,2018Q4
Central Area,Category 2,>200 - 500,55.35,70.93,81.01,2018Q4
Central Area,Category 2,>500 - 1000,67.15,75.34,86.47,2018Q4
Central Area,Category 2,>1000,58.19,72.72,81.00,2018Q4
Central Area,Category 1,100 & Below,91.49,101.18,108.72,2019Q1
Central Area,Category 1,>100 - 200,96.08,102.25,115.96,2019Q1
Central Area,Category 1,>200 - 500,94.32,107.64,116.24,2019Q1
Central Area,Category 1,>500 - 1000,103.88,113.03,129.41,2019Q1
Central Area,Category 1,>1000,111.21,124.32,130.24,2019Q1
Central Area,Category 2,100 & Below,45.02,56.94,69.77,2019Q1
Central Area,Category 2,>100 - 200,50.02,62.00,78.55,2019Q1
Central Area,Category 2,>200 - 500,57.05,72.66,83.96,2019Q1
Central Area,Category 2,>500 - 1000,60.79,75.35,84.77,2019Q1
Central Area,Category 2,>1000,75.67,81.81,97.58,2019Q1
Central Area,Category 1,100 & Below,93.19,102.25,107.55,2019Q2
Central Area,Category 1,>100 - 200,101.43,106.34,118.40,2019Q2
Central Area,Category 1,>200 - 500,96.88,107.64,119.08,2019Q2
Central Area,Category 1,>500 - 1000,93.71,99.60,120.56,2019Q2
Central Area,Category 1,>1000,86.82,98.06,115.66,2019Q2
Central Area,Category 2,100 & Below,44.47,58.13,68.18,2019Q2
Central Area,Category 2,>100 - 200,51.67,65.19,82.95,2019Q2
Central Area,Category 2,>200 - 500,58.11,69.96,83.83,2019Q2
Central Area,Category 2,>500 - 1000,65.02,83.16,91.43,2019Q2
Central Area,Category 2,>1000,61.15,80.73,87.08,2019Q2
Central Area,Category 1,100 & Below,91.66,99.60,107.64,2019Q3
Central Area,Category 1,>100 - 200,103.32,109.69,124.32,2019Q3
Central Area,Category 1,>200 - 500,93.64,107.64,122.39,2019Q3
Central Area,Category 1,>500 - 1000,98.56,109.26,120.96,2019Q3
Central Area,Category 1,>1000,88.76,106.31,132.13,2019Q3
Central Area,Category 2,100 & Below,46.73,57.69,70.21,2019Q3
Central Area,Category 2,>100 - 200,52.77,69.95,85.86,2019Q3
Central Area,Category 2,>200 - 500,53.82,66.27,77.50,2019Q3
Central Area,Category 2,>500 - 1000,48.44,68.29,82.12,2019Q3
Central Area,Category 2,>1000,58.36,72.95,87.56,2019Q3
Central Area,Category 1,100 & Below,94.42,107.66,117.98,2019Q4
Central Area,Category 1,>100 - 200,104.39,108.70,118.41,2019Q4
Central Area,Category 1,>200 - 500,102.15,109.79,137.78,2019Q4
Central Area,Category 1,>500 - 1000,100.58,103.87,132.41,2019Q4
Central Area,Category 1,>1000,103.86,117.33,128.96,2019Q4
Central Area,Category 2,100 & Below,51.96,60.32,70.00,2019Q4
Central Area,Category 2,>100 - 200,53.77,67.81,82.70,2019Q4
Central Area,Category 2,>200 - 500,57.05,68.08,83.96,2019Q4
Central Area,Category 2,>500 - 1000,64.58,78.56,89.88,2019Q4
Central Area,Category 2,>1000,62.43,74.32,86.11,2019Q4
Central Area,Category 1,100 & Below,89.92,107.64,114.64,2020Q1
Central Area,Category 1,>100 - 200,94.73,106.02,113.00,2020Q1
Central Area,Category 1,>200 - 500,95.79,107.64,120.04,2020Q1
Central Area,Category 1,>500 - 1000,101.58,108.18,133.74,2020Q1
Central Area,Category 1,>1000,59.89,90.70,107.02,2020Q1
Central Area,Category 2,100 & Below,46.33,58.24,68.97,2020Q1
Central Area,Category 2,>100 - 200,45.61,64.84,82.01,2020Q1
Central Area,Category 2,>200 - 500,59.20,73.02,87.66,2020Q1
Central Area,Category 2,>500 - 1000,53.71,75.79,86.71,2020Q1
Central Area,Category 2,>1000,24.40,57.78,81.55,2020Q1
Central Area,Category 1,100 & Below,89.87,99.02,107.69,2020Q2
Central Area,Category 1,>100 - 200,97.29,104.92,118.34,2020Q2
Central Area,Category 1,>200 - 500,102.26,115.72,130.39,2020Q2
Central Area,Category 1,>500 - 1000,95.94,102.25,128.15,2020Q2
Central Area,Category 1,>1000,103.59,113.02,117.05,2020Q2
Central Area,Category 2,100 & Below,39.97,53.42,67.20,2020Q2
Central Area,Category 2,>100 - 200,53.74,69.97,85.51,2020Q2
Central Area,Category 2,>200 - 500,59.02,75.17,89.88,2020Q2
Central Area,Category 2,>500 - 1000,70.52,75.45,96.88,2020Q2
Central Area,Category 2,>1000,21.01,30.88,67.06,2020Q2
Central Area,Category 1,100 & Below,81.69,90.42,113.19,2020Q3
Central Area,Category 1,>100 - 200,86.69,99.05,115.76,2020Q3
Central Area,Category 1,>200 - 500,98.87,109.25,129.98,2020Q3
Central Area,Category 1,>500 - 1000,102.46,110.81,125.00,2020Q3
Central Area,Category 1,>1000,96.88,106.56,112.81,2020Q3
Central Area,Category 2,100 & Below,41.14,53.54,65.26,2020Q3
Central Area,Category 2,>100 - 200,50.41,66.57,81.53,2020Q3
Central Area,Category 2,>200 - 500,56.08,65.67,77.50,2020Q3
Central Area,Category 2,>500 - 1000,51.70,67.90,84.35,2020Q3
Central Area,Category 2,>1000,45.99,65.99,84.97,2020Q3
Central Area,Category 1,100 & Below,86.10,91.63,102.33,2020Q4
Central Area,Category 1,>100 - 200,93.57,102.81,113.30,2020Q4
Central Area,Category 1,>200 - 500,94.15,102.27,113.03,2020Q4
Central Area,Category 1,>500 - 1000,82.47,94.72,112.67,2020Q4
Central Area,Category 1,>1000,102.26,109.80,118.43,2020Q4
Central Area,Category 2,100 & Below,42.40,53.78,63.44,2020Q4
Central Area,Category 2,>100 - 200,48.43,62.42,78.58,2020Q4
Central Area,Category 2,>200 - 500,48.44,60.52,75.35,2020Q4
Central Area,Category 2,>500 - 1000,58.42,71.86,92.06,2020Q4
Central Area,Category 2,>1000,61.35,76.39,91.81,2020Q4
Central Area,Category 1,100 & Below,86.58,99.41,109.43,2021Q1
Central Area,Category 1,>100 - 200,89.96,100.65,122.02,2021Q1
Central Area,Category 1,>200 - 500,87.96,96.88,116.25,2021Q1
Central Area,Category 1,>500 - 1000,94.43,105.49,119.49,2021Q1
Central Area,Category 1,>1000,94.16,102.26,115.27,2021Q1
Central Area,Category 2,100 & Below,43.09,53.68,64.57,2021Q1
Central Area,Category 2,>100 - 200,46.33,62.32,75.34,2021Q1
Central Area,Category 2,>200 - 500,51.84,64.58,75.38,2021Q1
Central Area,Category 2,>500 - 1000,61.11,71.23,86.13,2021Q1
Central Area,Category 2,>1000,27.77,59.21,75.35,2021Q1
Central Area,Category 1,100 & Below,89.34,102.27,117.27,2021Q2
Central Area,Category 1,>100 - 200,93.64,101.71,108.11,2021Q2
Central Area,Category 1,>200 - 500,92.57,101.18,113.96,2021Q2
Central Area,Category 1,>500 - 1000,94.45,113.80,128.11,2021Q2
Central Area,Category 1,>1000,93.65,109.36,113.03,2021Q2
Central Area,Category 2,100 & Below,41.67,53.49,65.12,2021Q2
Central Area,Category 2,>100 - 200,48.34,65.67,80.61,2021Q2
Central Area,Category 2,>200 - 500,51.95,68.53,79.79,2021Q2
Central Area,Category 2,>500 - 1000,50.84,72.51,82.16,2021Q2
Central Area,Category 2,>1000,44.32,58.16,72.12,2021Q2
Central Area,Category 1,100 & Below,91.47,102.22,104.82,2021Q3
Central Area,Category 1,>100 - 200,99.01,107.64,130.76,2021Q3
Central Area,Category 1,>200 - 500,90.09,101.72,123.80,2021Q3
Central Area,Category 1,>500 - 1000,91.51,109.79,118.98,2021Q3
Central Area,Category 1,>1000,97.95,111.95,120.56,2021Q3
Central Area,Category 2,100 & Below,39.31,53.60,67.74,2021Q3
Central Area,Category 2,>100 - 200,48.43,62.22,80.71,2021Q3
Central Area,Category 2,>200 - 500,51.46,69.97,83.02,2021Q3
Central Area,Category 2,>500 - 1000,59.43,72.73,82.34,2021Q3
Central Area,Category 2,>1000,40.32,64.58,102.26,2021Q3
Central Area,Category 1,100 & Below,86.11,99.04,108.73,2021Q4
Central Area,Category 1,>100 - 200,89.32,96.93,111.59,2021Q4
Central Area,Category 1,>200 - 500,97.00,110.34,127.43,2021Q4
Central Area,Category 1,>500 - 1000,99.30,107.64,129.17,2021Q4
Central Area,Category 1,>1000,91.63,113.02,123.60,2021Q4
Central Area,Category 2,100 & Below,41.59,51.86,65.11,2021Q4
Central Area,Category 2,>100 - 200,44.53,64.58,80.74,2021Q4
Central Area,Category 2,>200 - 500,53.21,69.96,82.81,2021Q4
Central Area,Category 2,>500 - 1000,51.18,72.89,90.95,2021Q4
Central Area,Category 2,>1000,21.38,69.96,80.73,2021Q4
Central Area,Category 1,100 & Below,87.78,101.18,112.25,2022Q1
Central Area,Category 1,>100 - 200,98.50,105.48,117.67,2022Q1
Central Area,Category 1,>200 - 500,94.94,107.64,125.72,2022Q1
Central Area,Category 1,>500 - 1000,95.85,115.20,129.35,2022Q1
Central Area,Category 1,>1000,91.52,110.61,119.77,2022Q1
Central Area,Category 2,100 & Below,44.12,55.00,64.61,2022Q1
Central Area,Category 2,>100 - 200,46.28,64.59,78.37,2022Q1
Central Area,Category 2,>200 - 500,56.94,74.28,86.10,2022Q1
Central Area,Category 2,>500 - 1000,55.31,69.97,92.71,2022Q1
Central Area,Category 2,>1000,21.63,50.96,80.62,2022Q1
Central Area,Category 1,100 & Below,86.12,104.99,109.83,2022Q2
Central Area,Category 1,>100 - 200,96.86,105.82,128.09,2022Q2
Central Area,Category 1,>200 - 500,100.09,111.93,130.23,2022Q2
Central Area,Category 1,>500 - 1000,89.07,102.80,115.68,2022Q2
Central Area,Category 1,>1000,76.77,104.69,126.43,2022Q2
Central Area,Category 2,100 & Below,44.10,55.93,68.00,2022Q2
Central Area,Category 2,>100 - 200,53.96,73.08,83.02,2022Q2
Central Area,Category 2,>200 - 500,53.88,73.19,85.36,2022Q2
Central Area,Category 2,>500 - 1000,56.05,74.96,95.54,2022Q2
Central Area,Category 2,>1000,59.85,73.19,77.50,2022Q2
Central Area,Category 1,100 & Below,95.01,104.94,112.83,2022Q3
Central Area,Category 1,>100 - 200,96.61,110.75,123.77,2022Q3
Central Area,Category 1,>200 - 500,96.87,110.33,130.79,2022Q3
Central Area,Category 1,>500 - 1000,100.49,114.85,122.18,2022Q3
Central Area,Category 1,>1000,102.10,116.21,123.78,2022Q3
Central Area,Category 2,100 & Below,43.94,56.98,69.99,2022Q3
Central Area,Category 2,>100 - 200,57.49,72.44,88.28,2022Q3
Central Area,Category 2,>200 - 500,57.50,75.00,84.90,2022Q3
Central Area,Category 2,>500 - 1000,62.49,75.35,97.95,2022Q3
Central Area,Category 2,>1000,60.15,75.99,108.93,2022Q3
Central Area,Category 1,100 & Below,86.62,100.95,114.33,2022Q4
Central Area,Category 1,>100 - 200,106.56,116.79,135.70,2022Q4
Central Area,Category 1,>200 - 500,92.85,113.03,131.32,2022Q4
Central Area,Category 1,>500 - 1000,91.59,107.62,124.86,2022Q4
Central Area,Category 1,>1000,82.06,108.72,121.26,2022Q4
Central Area,Category 2,100 & Below,46.69,59.53,76.47,2022Q4
Central Area,Category 2,>100 - 200,51.24,70.19,85.42,2022Q4
Central Area,Category 2,>200 - 500,54.29,75.30,86.29,2022Q4
Central Area,Category 2,>500 - 1000,57.94,78.04,91.49,2022Q4
Central Area,Category 2,>1000,65.83,77.25,91.07,2022Q4
Central Area,Category 1,100 & Below,86.27,111.11,118.42,2023Q1
Central Area,Category 1,>100 - 200,107.62,113.01,129.81,2023Q1
Central Area,Category 1,>200 - 500,100.38,113.03,134.62,2023Q1
Central Area,Category 1,>500 - 1000,99.89,113.02,124.32,2023Q1
Central Area,Category 1,>1000,89.55,109.25,124.97,2023Q1
Central Area,Category 2,100 & Below,48.67,59.90,74.87,2023Q1
Central Area,Category 2,>100 - 200,51.65,69.90,83.93,2023Q1
Central Area,Category 2,>200 - 500,61.62,82.87,98.05,2023Q1
Central Area,Category 2,>500 - 1000,52.83,72.25,88.56,2023Q1
Central Area,Category 2,>1000,27.36,65.80,88.33,2023Q1
Central Area,Category 1,100 & Below,101.36,113.63,132.29,2023Q2
Central Area,Category 1,>100 - 200,104.41,114.10,137.76,2023Q2
Central Area,Category 1,>200 - 500,110.61,125.63,140.15,2023Q2
Central Area,Category 1,>500 - 1000,109.25,129.18,139.65,2023Q2
Central Area,Category 1,>1000,106.48,129.17,141.55,2023Q2
Central Area,Category 2,100 & Below,52.17,64.36,83.74,2023Q2
Central Area,Category 2,>100 - 200,59.11,74.27,86.75,2023Q2
Central Area,Category 2,>200 - 500,62.85,80.73,89.30,2023Q2
Central Area,Category 2,>500 - 1000,74.69,83.33,101.42,2023Q2
Central Area,Category 2,>1000,67.99,74.27,116.64,2023Q2
Central Area,Category 1,100 & Below,91.49,113.04,125.77,2023Q3
Central Area,Category 1,>100 - 200,113.02,125.31,144.24,2023Q3
Central Area,Category 1,>200 - 500,108.45,116.81,138.50,2023Q3
Central Area,Category 1,>500 - 1000,98.87,115.71,146.39,2023Q3
Central Area,Category 1,>1000,110.82,121.63,134.69,2023Q3
Central Area,Category 2,100 & Below,52.34,62.77,78.13,2023Q3
Central Area,Category 2,>100 - 200,56.25,69.95,86.42,2023Q3
Central Area,Category 2,>200 - 500,62.56,75.57,93.49,2023Q3
Central Area,Category 2,>500 - 1000,58.40,73.90,85.56,2023Q3
Central Area,Category 2,>1000,63.31,77.92,114.10,2023Q3
Central Area,Category 1,100 & Below,111.72,117.33,127.05,2023Q4
Central Area,Category 1,>100 - 200,97.18,114.65,134.95,2023Q4
Central Area,Category 1,>200 - 500,113.03,123.79,137.51,2023Q4
Central Area,Category 1,>500 - 1000,107.64,120.55,132.93,2023Q4
Central Area,Category 1,>1000,117.86,125.40,134.80,2023Q4
Central Area,Category 2,100 & Below,51.10,63.58,80.71,2023Q4
Central Area,Category 2,>100 - 200,58.47,75.76,91.41,2023Q4
Central Area,Category 2,>200 - 500,63.25,79.64,89.97,2023Q4
Central Area,Category 2,>500 - 1000,63.08,86.18,102.18,2023Q4
Central Area,Category 2,>1000,72.32,77.40,112.75,2023Q4
Central Area,Category 1,100 & Below,94.36,121.25,141.56,2024Q1
Central Area,Category 1,>100 - 200,105.29,114.07,130.37,2024Q1
Central Area,Category 1,>200 - 500,102.20,118.41,137.41,2024Q1
Central Area,Category 1,>500 - 1000,106.82,130.17,141.52,2024Q1
Central Area,Category 1,>1000,101.94,123.52,129.45,2024Q1
Central Area,Category 2,100 & Below,52.91,64.71,80.17,2024Q1
Central Area,Category 2,>100 - 200,59.94,79.31,93.89,2024Q1
Central Area,Category 2,>200 - 500,62.97,77.47,91.63,2024Q1
Central Area,Category 2,>500 - 1000,57.59,78.76,90.98,2024Q1
Central Area,Category 2,>1000,44.32,77.50,107.65,2024Q1
Central Area,Category 1,100 & Below,107.50,114.74,125.00,2024Q2
Central Area,Category 1,>100 - 200,113.04,122.73,135.66,2024Q2
Central Area,Category 1,>200 - 500,113.02,124.86,142.61,2024Q2
Central Area,Category 1,>500 - 1000,118.13,134.58,144.24,2024Q2
Central Area,Category 1,>1000,109.76,130.87,135.63,2024Q2
Central Area,Category 2,100 & Below,53.61,67.82,85.71,2024Q2
Central Area,Category 2,>100 - 200,59.19,76.92,95.86,2024Q2
Central Area,Category 2,>200 - 500,64.58,85.02,99.08,2024Q2
Central Area,Category 2,>500 - 1000,81.55,87.74,96.30,2024Q2
Central Area,Category 2,>1000,76.52,83.42,90.15,2024Q2
Central Area,Category 1,100 & Below,105.79,113.26,124.71,2024Q3
Central Area,Category 1,>100 - 200,102.73,118.39,140.79,2024Q3
Central Area,Category 1,>200 - 500,110.88,127.03,146.92,2024Q3
Central Area,Category 1,>500 - 1000,110.88,123.25,136.70,2024Q3
Central Area,Category 1,>1000,112.49,130.78,140.47,2024Q3
Central Area,Category 2,100 & Below,52.19,65.70,81.93,2024Q3
Central Area,Category 2,>100 - 200,58.92,77.07,97.46,2024Q3
Central Area,Category 2,>200 - 500,62.51,80.72,92.38,2024Q3
Central Area,Category 2,>500 - 1000,65.14,86.11,100.91,2024Q3
Central Area,Category 2,>1000,70.51,75.35,93.65,2024Q3
Central Area,Category 1,100 & Below,106.13,122.78,139.92,2024Q4
Central Area,Category 1,>100 - 200,116.27,124.09,142.89,2024Q4
Central Area,Category 1,>200 - 500,115.98,136.70,147.07,2024Q4
Central Area,Category 1,>500 - 1000,116.31,129.17,137.78,2024Q4
Central Area,Category 1,>1000,118.40,128.63,137.19,2024Q4
Central Area,Category 2,100 & Below,52.76,65.79,80.11,2024Q4
Central Area,Category 2,>100 - 200,61.71,79.76,91.51,2024Q4
Central Area,Category 2,>200 - 500,62.42,80.72,93.78,2024Q4
Central Area,Category 2,>500 - 1000,72.66,81.81,99.56,2024Q4
Central Area,Category 2,>1000,88.90,96.88,120.29,2024Q4
Central Area,Category 1,100 & Below,101.57,117.84,126.04,2025Q1
Central Area,Category 1,>100 - 200,109.77,118.38,135.59,2025Q1
Central Area,Category 1,>200 - 500,112.48,132.41,144.57,2025Q1
Central Area,Category 1,>500 - 1000,121.90,129.71,139.66,2025Q1
Central Area,Category 1,>1000,118.29,132.94,139.93,2025Q1
Central Area,Category 2,100 & Below,55.80,68.38,86.16,2025Q1
Central Area,Category 2,>100 - 200,60.91,83.97,108.08,2025Q1
Central Area,Category 2,>200 - 500,70.11,87.18,110.87,2025Q1
Central Area,Category 2,>500 - 1000,56.19,80.32,91.19,2025Q1
Central Area,Category 2,>1000,81.39,89.34,107.64,2025Q1
Central Area,Category 1,100 & Below,105.34,115.30,125.58,2025Q2
Central Area,Category 1,>100 - 200,106.57,121.47,144.77,2025Q2
Central Area,Category 1,>200 - 500,107.64,121.63,143.16,2025Q2
Central Area,Category 1,>500 - 1000,106.83,113.98,139.39,2025Q2
Central Area,Category 1,>1000,100.11,126.22,138.86,2025Q2
Central Area,Category 2,100 & Below,56.50,70.11,86.57,2025Q2
Central Area,Category 2,>100 - 200,67.81,83.96,95.69,2025Q2
Central Area,Category 2,>200 - 500,64.82,82.72,96.54,2025Q2
Central Area,Category 2,>500 - 1000,73.19,91.49,108.73,2025Q2
Central Area,Category 2,>1000,43.27,54.36,83.76,2025Q2
Central Area,Category 1,100 & Below,94.72,113.06,123.79,2025Q3
Central Area,Category 1,>100 - 200,112.99,122.69,134.57,2025Q3
Central Area,Category 1,>200 - 500,110.88,129.17,145.32,2025Q3
Central Area,Category 1,>500 - 1000,108.99,124.23,133.75,2025Q3
Central Area,Category 1,>1000,112.05,128.09,138.85,2025Q3
Central Area,Category 2,100 & Below,53.66,67.79,81.33,2025Q3
Central Area,Category 2,>100 - 200,62.44,80.74,92.57,2025Q3
Central Area,Category 2,>200 - 500,69.17,88.28,96.88,2025Q3
Central Area,Category 2,>500 - 1000,71.94,84.71,107.60,2025Q3
Central Area,Category 2,>1000,65.09,81.32,103.04,2025Q3
Central Area,Category 1,100 & Below,101.19,114.35,126.82,2025Q4
Central Area,Category 1,>100 - 200,116.27,123.78,147.32,2025Q4
Central Area,Category 1,>200 - 500,117.47,134.57,147.07,2025Q4
Central Area,Category 1,>500 - 1000,120.56,141.03,149.58,2025Q4
Central Area,Category 1,>1000,110.88,132.40,141.55,2025Q4
Central Area,Category 2,100 & Below,54.70,68.75,83.93,2025Q4
Central Area,Category 2,>100 - 200,66.47,87.66,96.34,2025Q4
Central Area,Category 2,>200 - 500,65.66,85.21,96.87,2025Q4
Central Area,Category 2,>500 - 1000,74.10,87.72,109.06,2025Q4
Central Area,Category 2,>1000,70.37,86.27,104.55,2025Q4
Central Area,Category 1,100 & Below,109.80,116.31,134.54,2026Q1
Central Area,Category 1,>100 - 200,113.02,123.78,140.20,2026Q1
Central Area,Category 1,>200 - 500,107.64,122.17,147.48,2026Q1
Central Area,Category 1,>500 - 1000,123.04,136.82,141.01,2026Q1
Central Area,Category 1,>1000,117.29,135.38,141.55,2026Q1
Central Area,Category 2,100 & Below,55.36,68.97,84.01,2026Q1
Central Area,Category 2,>100 - 200,60.27,81.30,96.83,2026Q1
Central Area,Category 2,>200 - 500,62.97,88.23,97.18,2026Q1
Central Area,Category 2,>500 - 1000,55.17,83.49,96.90,2026Q1
Central Area,Category 2,>1000,67.01,78.31,97.82,2026Q1
Fringe Area,Category 2,100 & Below,38.46,43.18,50.25,2016Q1
Fringe Area,Category 2,>100 - 200,30.93,44.76,54.80,2016Q1
Fringe Area,Category 2,>200 - 500,32.67,62.42,82.00,2016Q1
Fringe Area,Category 2,>500 - 1000,38.50,50.30,63.16,2016Q1
Fringe Area,Category 2,100 & Below,36.67,43.05,49.38,2016Q2
Fringe Area,Category 2,>100 - 200,40.74,48.41,60.53,2016Q2
Fringe Area,Category 2,>200 - 500,44.04,57.32,76.70,2016Q2
Fringe Area,Category 2,>500 - 1000,37.48,39.83,49.64,2016Q2
Fringe Area,Category 2,>1000,39.95,67.81,77.13,2016Q2
Fringe Area,Category 2,100 & Below,39.52,44.78,52.38,2016Q3
Fringe Area,Category 2,>100 - 200,26.84,44.55,62.91,2016Q3
Fringe Area,Category 2,>200 - 500,36.85,48.36,64.46,2016Q3
Fringe Area,Category 2,>500 - 1000,28.98,40.36,52.10,2016Q3
Fringe Area,Category 2,>1000,28.37,50.19,73.45,2016Q3
Fringe Area,Category 2,100 & Below,37.63,43.25,51.10,2016Q4
Fringe Area,Category 2,>100 - 200,39.96,47.93,58.30,2016Q4
Fringe Area,Category 2,>200 - 500,49.65,55.98,67.93,2016Q4
Fringe Area,Category 2,>500 - 1000,42.49,52.34,66.90,2016Q4
Fringe Area,Category 2,>1000,20.99,49.49,96.00,2016Q4
Fringe Area,Category 2,100 & Below,37.21,44.44,53.18,2017Q1
Fringe Area,Category 2,>100 - 200,27.79,47.62,59.21,2017Q1
Fringe Area,Category 2,>200 - 500,42.94,57.05,75.34,2017Q1
Fringe Area,Category 2,>500 - 1000,50.13,52.74,67.52,2017Q1
Fringe Area,Category 2,>1000,34.71,62.73,73.56,2017Q1
Fringe Area,Category 2,100 & Below,37.91,45.10,52.00,2017Q2
Fringe Area,Category 2,>100 - 200,40.71,50.00,66.75,2017Q2
Fringe Area,Category 2,>200 - 500,47.54,60.28,70.54,2017Q2
Fringe Area,Category 2,>500 - 1000,42.28,55.43,66.46,2017Q2
Fringe Area,Category 2,>1000,49.74,66.74,74.11,2017Q2
Fringe Area,Category 2,100 & Below,37.61,46.00,52.21,2017Q3
Fringe Area,Category 2,>100 - 200,38.54,48.74,66.98,2017Q3
Fringe Area,Category 2,>200 - 500,47.37,58.13,69.97,2017Q3
Fringe Area,Category 2,>500 - 1000,48.63,59.49,74.01,2017Q3
Fringe Area,Category 2,>1000,48.60,65.67,70.78,2017Q3
Fringe Area,Category 2,100 & Below,36.60,46.29,53.57,2017Q4
Fringe Area,Category 2,>100 - 200,38.54,49.19,63.72,2017Q4
Fringe Area,Category 2,>200 - 500,48.41,65.67,73.19,2017Q4
Fringe Area,Category 2,>500 - 1000,39.70,53.67,72.12,2017Q4
Fringe Area,Category 2,>1000,64.39,71.16,76.66,2017Q4
Fringe Area,Category 2,100 & Below,36.47,47.50,53.73,2018Q1
Fringe Area,Category 2,>100 - 200,39.70,50.50,67.81,2018Q1
Fringe Area,Category 2,>200 - 500,37.73,58.37,69.49,2018Q1
Fringe Area,Category 2,>500 - 1000,56.11,58.66,68.00,2018Q1
Fringe Area,Category 2,>1000,35.95,67.80,69.82,2018Q1
Fringe Area,Category 2,100 & Below,37.30,48.11,54.93,2018Q2
Fringe Area,Category 2,>100 - 200,37.28,50.06,61.72,2018Q2
Fringe Area,Category 2,>200 - 500,48.23,73.18,80.75,2018Q2
Fringe Area,Category 2,>500 - 1000,39.30,46.38,66.33,2018Q2
Fringe Area,Category 2,>1000,29.58,57.59,73.76,2018Q2
Fringe Area,Category 2,100 & Below,35.67,42.96,53.26,2018Q3
Fringe Area,Category 2,>100 - 200,40.51,48.44,61.37,2018Q3
Fringe Area,Category 2,>200 - 500,48.90,59.98,70.01,2018Q3
Fringe Area,Category 2,>500 - 1000,40.22,58.25,69.77,2018Q3
Fringe Area,Category 2,>1000,68.27,73.20,78.58,2018Q3
Fringe Area,Category 2,100 & Below,36.38,46.51,54.95,2018Q4
Fringe Area,Category 2,>100 - 200,43.03,49.07,62.43,2018Q4
Fringe Area,Category 2,>200 - 500,47.40,68.89,77.49,2018Q4
Fringe Area,Category 2,>500 - 1000,42.37,56.99,69.42,2018Q4
Fringe Area,Category 2,>1000,41.31,73.20,83.96,2018Q4
Fringe Area,Category 2,100 & Below,35.98,47.29,56.38,2019Q1
Fringe Area,Category 2,>100 - 200,34.99,51.16,62.43,2019Q1
Fringe Area,Category 2,>200 - 500,43.06,56.00,73.14,2019Q1
Fringe Area,Category 2,>500 - 1000,59.49,64.58,70.55,2019Q1
Fringe Area,Category 2,>1000,56.02,79.36,84.50,2019Q1
Fringe Area,Category 2,100 & Below,36.00,46.12,55.56,2019Q2
Fringe Area,Category 2,>100 - 200,42.81,49.33,61.03,2019Q2
Fringe Area,Category 2,>200 - 500,44.34,61.35,71.81,2019Q2
Fringe Area,Category 2,>500 - 1000,50.17,78.55,86.11,2019Q2
Fringe Area,Category 2,>1000,82.88,89.34,97.41,2019Q2
Fringe Area,Category 2,100 & Below,34.47,43.75,53.76,2019Q3
Fringe Area,Category 2,>100 - 200,29.12,47.60,62.61,2019Q3
Fringe Area,Category 2,>200 - 500,48.21,68.89,75.35,2019Q3
Fringe Area,Category 2,>500 - 1000,25.23,31.52,68.89,2019Q3
Fringe Area,Category 2,>1000,33.11,62.44,73.13,2019Q3
Fringe Area,Category 2,100 & Below,36.59,48.53,56.86,2019Q4
Fringe Area,Category 2,>100 - 200,37.54,46.77,60.05,2019Q4
Fringe Area,Category 2,>200 - 500,66.53,77.96,86.11,2019Q4
Fringe Area,Category 2,>500 - 1000,54.07,71.05,76.42,2019Q4
Fringe Area,Category 2,>1000,19.24,27.52,77.50,2019Q4
Fringe Area,Category 2,100 & Below,36.52,48.51,56.85,2020Q1
Fringe Area,Category 2,>100 - 200,28.25,45.51,61.86,2020Q1
Fringe Area,Category 2,>200 - 500,42.49,59.21,73.20,2020Q1
Fringe Area,Category 2,>500 - 1000,44.46,50.75,77.68,2020Q1
Fringe Area,Category 2,>1000,19.24,27.82,75.99,2020Q1
Fringe Area,Category 2,100 & Below,35.92,45.34,55.16,2020Q2
Fringe Area,Category 2,>100 - 200,39.08,45.36,62.42,2020Q2
Fringe Area,Category 2,>200 - 500,35.59,59.76,66.90,2020Q2
Fringe Area,Category 2,>500 - 1000,43.27,54.31,62.78,2020Q2
Fringe Area,Category 2,>1000,26.48,57.44,69.17,2020Q2
Fringe Area,Category 2,100 & Below,35.24,42.06,50.00,2020Q3
Fringe Area,Category 2,>100 - 200,23.21,34.55,53.29,2020Q3
Fringe Area,Category 2,>200 - 500,29.04,62.43,73.20,2020Q3
Fringe Area,Category 2,>500 - 1000,25.56,40.37,58.19,2020Q3
Fringe Area,Category 2,>1000,16.52,68.30,75.35,2020Q3
Fringe Area,Category 2,100 & Below,35.19,45.00,52.38,2020Q4
Fringe Area,Category 2,>100 - 200,28.57,40.63,58.94,2020Q4
Fringe Area,Category 2,>200 - 500,32.56,46.62,64.38,2020Q4
Fringe Area,Category 2,>500 - 1000,19.24,42.44,66.62,2020Q4
Fringe Area,Category 2,>1000,49.51,68.89,84.07,2020Q4
Fringe Area,Category 2,100 & Below,36.71,47.83,54.83,2021Q1
Fringe Area,Category 2,>100 - 200,34.97,49.06,59.80,2021Q1
Fringe Area,Category 2,>200 - 500,53.96,64.58,69.97,2021Q1
Fringe Area,Category 2,>500 - 1000,37.27,60.63,72.46,2021Q1
Fringe Area,Category 2,>1000,26.65,75.35,83.40,2021Q1
Fringe Area,Category 2,100 & Below,38.89,48.21,54.17,2021Q2
Fringe Area,Category 2,>100 - 200,34.91,48.88,61.36,2021Q2
Fringe Area,Category 2,>200 - 500,35.30,61.18,73.20,2021Q2
Fringe Area,Category 2,>500 - 1000,48.36,69.84,81.27,2021Q2
Fringe Area,Category 2,>1000,36.17,72.76,74.94,2021Q2
Fringe Area,Category 2,100 & Below,36.60,45.65,53.94,2021Q3
Fringe Area,Category 2,>100 - 200,35.53,52.36,62.24,2021Q3
Fringe Area,Category 2,>200 - 500,41.06,52.74,63.85,2021Q3
Fringe Area,Category 2,>500 - 1000,43.98,64.59,85.06,2021Q3
Fringe Area,Category 2,>1000,44.32,59.89,67.17,2021Q3
Fringe Area,Category 2,100 & Below,35.89,46.15,54.05,2021Q4
Fringe Area,Category 2,>100 - 200,34.99,44.67,52.36,2021Q4
Fringe Area,Category 2,>200 - 500,39.88,60.54,77.29,2021Q4
Fringe Area,Category 2,>500 - 1000,31.00,51.15,73.22,2021Q4
Fringe Area,Category 2,>1000,31.39,77.64,82.20,2021Q4
Fringe Area,Category 2,100 & Below,39.74,50.00,57.84,2022Q1
Fringe Area,Category 2,>100 - 200,30.09,45.22,61.31,2022Q1
Fringe Area,Category 2,>200 - 500,60.28,68.89,79.13,2022Q1
Fringe Area,Category 2,>500 - 1000,59.37,74.23,75.35,2022Q1
Fringe Area,Category 2,>1000,39.96,68.37,75.26,2022Q1
Fringe Area,Category 2,100 & Below,38.44,49.32,57.05,2022Q2
Fringe Area,Category 2,>100 - 200,36.08,50.80,58.66,2022Q2
Fringe Area,Category 2,>200 - 500,49.50,60.85,75.35,2022Q2
Fringe Area,Category 2,>500 - 1000,50.44,59.32,66.48,2022Q2
Fringe Area,Category 2,>1000,67.90,84.51,87.11,2022Q2
Fringe Area,Category 2,100 & Below,38.80,49.31,57.78,2022Q3
Fringe Area,Category 2,>100 - 200,39.32,52.83,69.95,2022Q3
Fringe Area,Category 2,>200 - 500,49.11,67.13,76.62,2022Q3
Fringe Area,Category 2,>500 - 1000,52.30,70.00,86.13,2022Q3
Fringe Area,Category 2,>1000,51.69,72.51,73.84,2022Q3
Fringe Area,Category 2,100 & Below,39.64,54.88,63.57,2022Q4
Fringe Area,Category 2,>100 - 200,33.87,48.62,69.44,2022Q4
Fringe Area,Category 2,>200 - 500,57.08,71.97,82.13,2022Q4
Fringe Area,Category 2,>500 - 1000,60.80,72.12,79.32,2022Q4
Fringe Area,Category 2,>1000,25.04,52.64,79.26,2022Q4
Fringe Area,Category 2,100 & Below,40.34,54.43,65.59,2023Q1
Fringe Area,Category 2,>100 - 200,45.60,61.35,72.54,2023Q1
Fringe Area,Category 2,>200 - 500,38.70,67.39,74.41,2023Q1
Fringe Area,Category 2,>500 - 1000,16.84,61.34,75.86,2023Q1
Fringe Area,Category 2,>1000,15.42,73.41,80.32,2023Q1
Fringe Area,Category 2,100 & Below,45.92,58.82,68.89,2023Q2
Fringe Area,Category 2,>100 - 200,43.81,55.63,71.99,2023Q2
Fringe Area,Category 2,>200 - 500,62.03,73.73,81.88,2023Q2
Fringe Area,Category 2,>500 - 1000,63.84,68.16,72.94,2023Q2
Fringe Area,Category 2,>1000,57.52,83.72,94.99,2023Q2
Fringe Area,Category 2,100 & Below,45.08,58.48,69.66,2023Q3
Fringe Area,Category 2,>100 - 200,40.91,51.07,69.27,2023Q3
Fringe Area,Category 2,>200 - 500,51.62,69.97,85.26,2023Q3
Fringe Area,Category 2,>500 - 1000,66.42,69.11,79.99,2023Q3
Fringe Area,Category 2,>1000,45.67,80.96,90.42,2023Q3
Fringe Area,Category 2,100 & Below,43.49,57.65,70.65,2023Q4
Fringe Area,Category 2,>100 - 200,42.55,60.81,73.13,2023Q4
Fringe Area,Category 2,>200 - 500,58.14,73.46,83.39,2023Q4
Fringe Area,Category 2,>500 - 1000,53.47,73.20,86.92,2023Q4
Fringe Area,Category 2,>1000,78.55,92.57,95.26,2023Q4
Fringe Area,Category 2,100 & Below,41.04,57.00,72.73,2024Q1
Fringe Area,Category 2,>100 - 200,43.53,55.67,69.29,2024Q1
Fringe Area,Category 2,>200 - 500,67.54,82.06,88.10,2024Q1
Fringe Area,Category 2,>500 - 1000,76.66,80.06,90.41,2024Q1
Fringe Area,Category 2,>1000,87.80,93.65,238.91,2024Q1
Fringe Area,Category 2,100 & Below,46.55,62.50,73.71,2024Q2
Fringe Area,Category 2,>100 - 200,34.17,47.89,66.74,2024Q2
Fringe Area,Category 2,>200 - 500,64.60,71.86,77.09,2024Q2
Fringe Area,Category 2,>500 - 1000,62.72,68.89,75.49,2024Q2
Fringe Area,Category 2,>1000,66.47,85.60,88.94,2024Q2
Fringe Area,Category 2,100 & Below,46.15,60.53,72.89,2024Q3
Fringe Area,Category 2,>100 - 200,49.58,69.93,75.33,2024Q3
Fringe Area,Category 2,>200 - 500,61.23,72.53,84.18,2024Q3
Fringe Area,Category 2,>500 - 1000,69.30,78.58,83.15,2024Q3
Fringe Area,Category 2,>1000,86.12,91.50,102.58,2024Q3
Fringe Area,Category 2,100 & Below,47.89,61.31,70.91,2024Q4
Fringe Area,Category 2,>100 - 200,49.54,71.29,75.34,2024Q4
Fringe Area,Category 2,>200 - 500,68.22,75.89,86.39,2024Q4
Fringe Area,Category 2,>500 - 1000,58.15,71.60,83.47,2024Q4
Fringe Area,Category 2,>1000,44.92,74.28,94.51,2024Q4
Fringe Area,Category 2,100 & Below,48.60,61.32,73.32,2025Q1
Fringe Area,Category 2,>100 - 200,44.40,67.88,75.36,2025Q1
Fringe Area,Category 2,>200 - 500,68.34,75.07,88.89,2025Q1
Fringe Area,Category 2,>500 - 1000,73.19,73.37,77.83,2025Q1
Fringe Area,Category 2,100 & Below,48.87,61.23,73.33,2025Q2
Fringe Area,Category 2,>100 - 200,45.98,65.97,78.60,2025Q2
Fringe Area,Category 2,>200 - 500,57.01,75.34,81.00,2025Q2
Fringe Area,Category 2,>500 - 1000,65.28,76.42,86.12,2025Q2
Fringe Area,Category 2,100 & Below,50.00,64.00,73.88,2025Q3
Fringe Area,Category 2,>100 - 200,47.35,62.29,75.34,2025Q3
Fringe Area,Category 2,>200 - 500,62.87,79.70,86.29,2025Q3
Fringe Area,Category 2,>500 - 1000,45.40,71.56,93.11,2025Q3
Fringe Area,Category 2,>1000,42.25,74.27,91.49,2025Q3
Fringe Area,Category 2,100 & Below,48.16,57.98,69.24,2025Q4
Fringe Area,Category 2,>100 - 200,48.37,69.84,77.87,2025Q4
Fringe Area,Category 2,>200 - 500,59.72,76.91,88.80,2025Q4
Fringe Area,Category 2,>500 - 1000,56.97,72.92,76.15,2025Q4
Fringe Area,Category 2,>1000,73.20,73.20,94.77,2025Q4
Fringe Area,Category 2,100 & Below,48.67,59.58,73.08,2026Q1
Fringe Area,Category 2,>100 - 200,51.78,73.20,80.04,2026Q1
Fringe Area,Category 2,>200 - 500,78.58,85.57,93.90,2026Q1
Fringe Area,Category 2,>500 - 1000,49.25,77.89,80.27,2026Q1
Fringe Area,Category 2,>1000,31.69,58.57,85.79,2026Q1
Outside Central Region,Category 2,100 & Below,58.00,66.25,69.49,2017Q1
Outside Central Region,Category 2,100 & Below,43.12,45.83,52.56,2017Q2
Outside Central Region,Category 2,>100 - 200,25.46,47.90,54.37,2017Q2
Outside Central Region,Category 2,>200 - 500,54.36,59.74,66.55,2017Q2
Outside Central Region,Category 2,100 & Below,38.46,48.78,50.00,2017Q3
Outside Central Region,Category 2,>100 - 200,55.97,62.43,67.81,2017Q3
Outside Central Region,Category 2,100 & Below,35.57,46.29,51.65,2017Q4
Outside Central Region,Category 2,>100 - 200,42.64,50.59,52.75,2017Q4
Outside Central Region,Category 2,>200 - 500,58.12,66.82,98.00,2017Q4
Outside Central Region,Category 2,>500 - 1000,54.79,56.98,60.28,2017Q4
Outside Central Region,Category 2,100 & Below,32.51,37.50,42.38,2018Q1
Outside Central Region,Category 2,>100 - 200,41.81,50.86,52.48,2018Q1
Outside Central Region,Category 2,>200 - 500,58.39,59.20,61.09,2018Q1
Outside Central Region,Category 2,100 & Below,35.21,41.67,49.24,2018Q2
Outside Central Region,Category 2,>100 - 200,41.23,53.83,67.95,2018Q2
Outside Central Region,Category 2,>200 - 500,52.20,58.68,67.69,2018Q2
Outside Central Region,Category 2,100 & Below,34.13,36.02,39.58,2018Q3
Outside Central Region,Category 2,>100 - 200,36.21,41.28,48.42,2018Q3
Outside Central Region,Category 2,>500 - 1000,50.05,53.28,59.60,2018Q3
Outside Central Region,Category 2,100 & Below,35.29,37.50,51.06,2018Q4
Outside Central Region,Category 2,>100 - 200,38.76,48.43,55.97,2018Q4
Outside Central Region,Category 2,>200 - 500,59.20,62.42,68.89,2018Q4
Outside Central Region,Category 2,>500 - 1000,25.55,40.46,54.76,2018Q4
Outside Central Region,Category 2,100 & Below,35.40,37.50,46.34,2019Q1
Outside Central Region,Category 2,>100 - 200,39.77,54.36,55.96,2019Q1
Outside Central Region,Category 2,>200 - 500,53.82,56.24,65.04,2019Q1
Outside Central Region,Category 2,100 & Below,37.50,41.67,43.75,2019Q2
Outside Central Region,Category 2,>100 - 200,42.26,53.28,54.48,2019Q2
Outside Central Region,Category 2,100 & Below,36.47,42.71,52.95,2019Q3
Outside Central Region,Category 2,>100 - 200,44.12,55.97,69.96,2019Q3
Outside Central Region,Category 2,>200 - 500,58.67,64.96,80.46,2019Q3
Outside Central Region,Category 2,>500 - 1000,56.69,59.56,62.43,2019Q3
Outside Central Region,Category 2,100 & Below,40.03,41.67,50.30,2019Q4
Outside Central Region,Category 2,>100 - 200,44.38,45.71,47.03,2019Q4
Outside Central Region,Category 2,>200 - 500,53.73,56.89,61.36,2019Q4
Outside Central Region,Category 2,>1000,61.99,66.30,70.61,2019Q4
Outside Central Region,Category 2,100 & Below,38.94,42.25,51.80,2020Q1
Outside Central Region,Category 2,>100 - 200,47.35,51.67,53.87,2020Q1
Outside Central Region,Category 2,>200 - 500,50.58,59.20,69.96,2020Q1
Outside Central Region,Category 2,>500 - 1000,60.82,60.82,60.82,2020Q1
Outside Central Region,Category 2,>1000,40.34,57.47,65.79,2020Q1
Outside Central Region,Category 2,100 & Below,38.54,52.47,71.26,2020Q2
Outside Central Region,Category 2,>100 - 200,34.15,45.15,50.84,2020Q2
Outside Central Region,Category 2,>200 - 500,25.83,25.83,25.83,2020Q2
Outside Central Region,Category 2,>500 - 1000,43.59,53.48,58.12,2020Q2
Outside Central Region,Category 2,>1000,60.48,63.29,66.09,2020Q2
Outside Central Region,Category 2,100 & Below,34.20,38.73,41.67,2020Q3
Outside Central Region,Category 2,>100 - 200,46.02,56.50,69.95,2020Q3
Outside Central Region,Category 2,>200 - 500,51.67,53.82,55.97,2020Q3
Outside Central Region,Category 2,>500 - 1000,30.84,75.24,75.35,2020Q3
Outside Central Region,Category 2,>1000,69.54,88.49,107.44,2020Q3
Outside Central Region,Category 2,100 & Below,34.62,39.58,51.25,2020Q4
Outside Central Region,Category 2,>100 - 200,38.76,40.98,57.02,2020Q4
Outside Central Region,Category 2,>200 - 500,42.52,50.60,68.36,2020Q4
Outside Central Region,Category 2,>500 - 1000,59.20,59.20,59.20,2020Q4
Outside Central Region,Category 2,>1000,110.75,110.75,110.75,2020Q4
Outside Central Region,Category 2,100 & Below,36.20,39.58,46.88,2021Q1
Outside Central Region,Category 2,>100 - 200,44.13,48.44,53.81,2021Q1
Outside Central Region,Category 2,>200 - 500,55.97,57.59,62.43,2021Q1
Outside Central Region,Category 2,>500 - 1000,52.34,54.09,55.84,2021Q1
Outside Central Region,Category 2,>1000,58.65,58.65,58.65,2021Q1
Outside Central Region,Category 2,100 & Below,37.02,40.24,43.75,2021Q2
Outside Central Region,Category 2,>100 - 200,39.89,51.68,54.35,2021Q2
Outside Central Region,Category 2,>200 - 500,54.36,55.96,55.97,2021Q2
Outside Central Region,Category 2,>500 - 1000,55.91,64.54,72.50,2021Q2
Outside Central Region,Category 2,>1000,14.73,15.98,17.22,2021Q2
Outside Central Region,Category 2,100 & Below,35.08,38.77,41.67,2021Q3
Outside Central Region,Category 2,>100 - 200,32.14,43.18,47.04,2021Q3
Outside Central Region,Category 2,>200 - 500,32.29,43.06,48.44,2021Q3
Outside Central Region,Category 2,>500 - 1000,23.28,27.67,49.36,2021Q3
Outside Central Region,Category 2,100 & Below,36.42,41.60,48.18,2021Q4
Outside Central Region,Category 2,>100 - 200,38.86,48.40,51.64,2021Q4
Outside Central Region,Category 2,>200 - 500,49.52,57.05,62.42,2021Q4
Outside Central Region,Category 2,>500 - 1000,51.76,53.82,74.89,2021Q4
Outside Central Region,Category 2,>1000,40.54,47.77,54.99,2021Q4
Outside Central Region,Category 2,100 & Below,38.89,45.83,49.54,2022Q1
Outside Central Region,Category 2,>100 - 200,48.57,50.64,55.52,2022Q1
Outside Central Region,Category 2,>200 - 500,51.66,55.42,59.20,2022Q1
Outside Central Region,Category 2,>500 - 1000,57.67,61.35,111.87,2022Q1
Outside Central Region,Category 2,>1000,13.30,13.30,13.30,2022Q1
Outside Central Region,Category 2,100 & Below,41.67,45.83,49.88,2022Q2
Outside Central Region,Category 2,>100 - 200,39.32,48.87,53.54,2022Q2
Outside Central Region,Category 2,>200 - 500,56.29,58.93,72.12,2022Q2
Outside Central Region,Category 2,>500 - 1000,86.11,86.11,86.11,2022Q2
Outside Central Region,Category 2,>1000,78.04,81.81,87.78,2022Q2
Outside Central Region,Category 2,100 & Below,42.25,47.34,50.62,2022Q3
Outside Central Region,Category 2,>100 - 200,41.97,48.81,54.64,2022Q3
Outside Central Region,Category 2,>200 - 500,50.76,58.13,65.67,2022Q3
Outside Central Region,Category 2,>500 - 1000,56.63,62.92,69.32,2022Q3
Outside Central Region,Category 2,>1000,49.57,61.37,63.49,2022Q3
Outside Central Region,Category 2,100 & Below,39.00,47.92,50.85,2022Q4
Outside Central Region,Category 2,>100 - 200,45.62,51.13,65.66,2022Q4
Outside Central Region,Category 2,>200 - 500,49.54,53.50,64.60,2022Q4
Outside Central Region,Category 2,>500 - 1000,66.02,85.04,85.04,2022Q4
Outside Central Region,Category 2,>1000,42.59,54.86,58.61,2022Q4
Outside Central Region,Category 2,100 & Below,47.88,50.00,56.34,2023Q1
Outside Central Region,Category 2,>100 - 200,48.96,50.64,69.95,2023Q1
Outside Central Region,Category 2,>200 - 500,57.05,68.35,86.65,2023Q1
Outside Central Region,Category 2,>500 - 1000,55.16,57.58,60.01,2023Q1
Outside Central Region,Category 2,>1000,34.95,40.63,46.30,2023Q1
Outside Central Region,Category 2,100 & Below,45.83,49.54,55.67,2023Q2
Outside Central Region,Category 2,>100 - 200,47.45,53.29,55.91,2023Q2
Outside Central Region,Category 2,>200 - 500,52.75,59.20,69.61,2023Q2
Outside Central Region,Category 2,>500 - 1000,56.52,57.04,159.91,2023Q2
Outside Central Region,Category 2,>1000,62.43,65.66,92.03,2023Q2
Outside Central Region,Category 2,100 & Below,46.26,49.51,52.08,2023Q3
Outside Central Region,Category 2,>100 - 200,46.30,49.52,54.69,2023Q3
Outside Central Region,Category 2,>200 - 500,52.76,55.98,68.08,2023Q3
Outside Central Region,Category 2,>500 - 1000,50.59,50.59,50.59,2023Q3
Outside Central Region,Category 2,>1000,111.00,111.00,111.00,2023Q3
Outside Central Region,Category 2,100 & Below,47.61,50.99,54.30,2023Q4
Outside Central Region,Category 2,>100 - 200,46.83,49.54,53.82,2023Q4
Outside Central Region,Category 2,>200 - 500,67.17,77.50,89.68,2023Q4
Outside Central Region,Category 2,>500 - 1000,76.42,79.01,95.79,2023Q4
Outside Central Region,Category 2,>1000,54.76,73.75,98.97,2023Q4
Outside Central Region,Category 2,100 & Below,46.23,50.31,53.93,2024Q1
Outside Central Region,Category 2,>100 - 200,47.89,52.21,54.64,2024Q1
Outside Central Region,Category 2,>200 - 500,55.71,58.93,83.81,2024Q1
Outside Central Region,Category 2,>500 - 1000,66.11,66.55,75.58,2024Q1
Outside Central Region,Category 2,>1000,46.73,60.04,73.34,2024Q1
Outside Central Region,Category 2,100 & Below,48.85,53.59,64.71,2024Q2
Outside Central Region,Category 2,>100 - 200,49.78,54.48,58.94,2024Q2
Outside Central Region,Category 2,>200 - 500,57.49,59.19,178.03,2024Q2
Outside Central Region,Category 2,>500 - 1000,12.75,12.75,12.75,2024Q2
Outside Central Region,Category 2,100 & Below,48.31,53.79,58.16,2024Q3
Outside Central Region,Category 2,>100 - 200,51.81,57.07,62.44,2024Q3
Outside Central Region,Category 2,>200 - 500,55.44,66.36,81.48,2024Q3
Outside Central Region,Category 2,>500 - 1000,57.08,57.08,57.08,2024Q3
Outside Central Region,Category 2,>1000,65.12,65.12,65.12,2024Q3
Outside Central Region,Category 2,100 & Below,53.12,57.92,63.53,2024Q4
Outside Central Region,Category 2,>100 - 200,46.00,53.03,62.97,2024Q4
Outside Central Region,Category 2,>200 - 500,51.95,67.06,100.97,2024Q4
Outside Central Region,Category 2,>500 - 1000,58.13,67.81,85.57,2024Q4
Outside Central Region,Category 2,>1000,89.34,89.34,89.34,2024Q4
Outside Central Region,Category 2,100 & Below,51.92,57.90,64.08,2025Q1
Outside Central Region,Category 2,>100 - 200,53.81,58.11,62.44,2025Q1
Outside Central Region,Category 2,>200 - 500,59.74,61.36,87.99,2025Q1
Outside Central Region,Category 2,>500 - 1000,73.33,82.78,97.30,2025Q1
Outside Central Region,Category 2,>1000,28.35,37.06,45.86,2025Q1
Outside Central Region,Category 2,100 & Below,52.08,56.00,64.65,2025Q2
Outside Central Region,Category 2,>100 - 200,50.96,57.05,64.59,2025Q2
Outside Central Region,Category 2,>200 - 500,57.18,64.32,84.63,2025Q2
Outside Central Region,Category 2,>500 - 1000,74.94,81.70,87.89,2025Q2
Outside Central Region,Category 2,>1000,32.35,36.87,41.38,2025Q2
Outside Central Region,Category 2,100 & Below,51.97,57.19,63.28,2025Q3
Outside Central Region,Category 2,>100 - 200,49.80,59.21,66.19,2025Q3
Outside Central Region,Category 2,>200 - 500,57.05,61.67,83.96,2025Q3
Outside Central Region,Category 2,>500 - 1000,45.21,60.28,80.73,2025Q3
Outside Central Region,Category 2,>1000,82.36,94.75,107.14,2025Q3
Outside Central Region,Category 2,100 & Below,53.82,57.08,60.45,2025Q4
Outside Central Region,Category 2,>100 - 200,50.58,53.92,58.14,2025Q4
Outside Central Region,Category 2,>200 - 500,56.53,62.43,90.15,2025Q4
Outside Central Region,Category 2,>500 - 1000,73.38,75.72,82.53,2025Q4
Outside Central Region,Category 2,>1000,44.27,44.70,58.36,2025Q4
Outside Central Region,Category 2,100 & Below,49.26,56.25,59.50,2026Q1
Outside Central Region,Category 2,>100 - 200,52.41,56.66,62.97,2026Q1
Outside Central Region,Category 2,>200 - 500,58.93,63.50,66.47,2026Q1
Outside Central Region,Category 2,>500 - 1000,57.59,63.84,73.97,2026Q1
Overall,-,-,48.44,63.95,86.11,-
